lat,lng,kind,limit_kmh,source,active,end_lat,end_lng,direction_deg
-7.522443,-46.046784,FIXED,,DNIT,1,,,
-7.519802,-46.058611,FIXED,,DNIT,1,,,
-6.812355,-44.643713,FIXED,,DNIT,1,,,
-6.755036,-43.018033,FIXED,,DNIT,1,,,
-6.754685,-43.024552,FIXED,,DNIT,1,,,
-5.556061,-47.455899,FIXED,,OSM,0,,,
-5.500818,-47.449882,FIXED,60,OSM,1,,,
-5.500751,-47.450018,FIXED,60,OSM,1,,,
-5.473244,-47.472370,FIXED,,DNIT,1,,,
-5.464237,-47.416320,FIXED,60,OSM,1,,,
-5.464187,-47.416409,FIXED,60,OSM,1,,,
-5.129466,-42.821310,FIXED,,DNIT,0,,,
-5.088364,-42.835873,FIXED,,DNIT,1,,,321
-5.087786,-42.825557,FIXED,40,OSM,1,,,
-4.944359,-47.471363,FIXED,50,OSM,0,,,
-4.940166,-47.464203,FIXED,,DNIT,1,,,
-4.886140,-43.377070,FIXED,,DNIT,1,,,
-4.874900,-43.396128,FIXED,,DNIT,1,,,
-4.222218,-44.785585,FIXED,,DNIT,1,,,
-3.679575,-45.350845,FIXED,,DNIT,0,,,
-3.621671,-44.556987,FIXED,40,OSM,1,,,
-3.554467,-44.583415,FIXED,50,OSM,1,,,
-3.554385,-44.583373,FIXED,50,OSM,1,,,
-3.476933,-44.535069,FIXED,50,OSM,1,,,
-3.476704,-44.534991,FIXED,50,OSM,1,,,
-3.462173,-44.776541,FIXED,40,OSM,1,,,
-3.411256,-44.348492,FIXED,,OSM,1,,,
-3.331800,-44.445727,FIXED,,OSM,1,,,
-3.314896,-44.430886,FIXED,80,OSM,1,,,
-3.314812,-44.430806,FIXED,80,OSM,1,,,
-3.305531,-44.422667,FIXED,40,OSM,1,,,
-3.283120,-44.410547,FIXED,40,OSM,1,,,
-3.059500,-44.320659,FIXED,50,OSM,1,,,
-2.757776,-44.352585,FIXED,60,DNIT+OSM,1,,,43
-2.740129,-44.337845,FIXED,,DNIT,1,,,36
-2.739240,-44.337171,FIXED,40,OSM,1,,,
-2.739041,-44.337249,FIXED,40,OSM,1,,,
-2.738458,-44.336759,FIXED,,DNIT,1,,,216
-2.694477,-44.304386,FIXED,60,DNIT+OSM,1,,,216
-2.694247,-44.304149,FIXED,60,OSM,1,,,
-2.681485,-44.295271,FIXED,,DNIT,1,,,18
-2.681052,-44.295085,FIXED,40,OSM,1,,,
-2.657510,-44.286154,FIXED,60,DNIT+OSM,1,,,172
-2.639065,-44.270565,FIXED,40,DNIT+OSM,1,,,216
-2.628158,-44.262626,FIXED,,DNIT,1,,,34
-2.627834,-44.262401,FIXED,40,OSM,1,,,
-2.627747,-44.262509,FIXED,40,OSM,1,,,
-2.625519,-44.260896,FIXED,,DNIT,1,,,216
-2.620957,-44.318071,FIXED,,DNIT,1,,,
-2.620809,-44.318226,FIXED,60,DNIT+OSM,1,,,
-2.613845,-44.252018,FIXED,,DNIT,1,,,39
-2.613585,-44.251926,FIXED,,DNIT,1,,,219
-2.613411,-44.251672,FIXED,50,OSM,1,,,
-2.613075,-44.251635,FIXED,50,OSM,1,,,
-2.603910,-44.246407,FIXED,,DNIT,0,,,187
-2.597965,-44.327776,FIXED,,DNIT,1,,,
-2.597784,-44.327960,FIXED,,DNIT,1,,,
-2.595913,-44.245278,FIXED,60,OSM,0,,,
-2.595906,-44.245476,FIXED,60,OSM,0,,,
-2.590569,-44.226827,FIXED,60,OSM,1,,,
-2.590462,-44.226534,FIXED,60,OSM,1,,,
-2.589687,-44.244302,FIXED,60,DNIT+OSM,1,,,14
-2.589063,-44.244215,FIXED,60,DNIT+OSM,1,,,194
-2.576987,-44.239782,FIXED,50,OSM,1,,,
-2.576783,-44.239728,FIXED,50,OSM,1,,,
-2.569613,-44.233070,FIXED,60,OSM,1,,,
-2.569197,-44.232903,FIXED,60,OSM,1,,,
-2.566157,-44.325708,FIXED,40,DNIT+OSM,1,,,
-2.566143,-44.325151,FIXED,,DNIT,1,,,
-2.566049,-44.325410,FIXED,40,OSM,1,,,
-2.565551,-44.319535,FIXED,,DNIT,1,,,
-2.565366,-44.319352,FIXED,,DNIT,1,,,
-2.560473,-44.314886,FIXED,,DNIT,1,,,
-2.557680,-44.248978,FIXED,,OSM,1,,,
-2.557459,-44.249264,FIXED,,OSM,1,,,
-2.543344,-44.217469,FIXED,60,OSM,1,,,
-2.542815,-44.217806,FIXED,60,OSM,1,,,
-2.541415,-44.231907,FIXED,40,OSM,1,,,
-2.541259,-44.231816,FIXED,40,OSM,1,,,
-2.537892,-44.270098,FIXED,40,OSM,1,,,
-2.533669,-44.228983,FIXED,60,OSM,1,,,
-2.533649,-44.229182,FIXED,60,OSM,1,,,
-2.524601,-44.250066,FIXED,60,OSM,1,,,
-2.524548,-44.250180,FIXED,60,OSM,1,,,
-2.521391,-44.270694,FIXED,60,OSM,1,,,
-2.520954,-44.270431,FIXED,60,OSM,1,,,
-2.515447,-44.269676,FIXED,60,OSM,1,,,
-2.515380,-44.269526,FIXED,60,OSM,1,,,
-2.513559,-44.289596,FIXED,60,OSM,1,,,
-2.513081,-44.303997,FIXED,60,OSM,1,,,
-2.513080,-44.289659,FIXED,60,OSM,1,,,
-2.512683,-44.303814,FIXED,60,OSM,1,,,
-2.511821,-44.303785,FIXED,60,OSM,1,,,
-2.510886,-44.303627,FIXED,60,OSM,1,,,
-2.510814,-44.303494,FIXED,60,OSM,1,,,
-2.509910,-44.303463,FIXED,60,OSM,1,,,
-2.509775,-44.303316,FIXED,60,OSM,1,,,
-2.505961,-44.295754,FIXED,60,OSM,1,,,
-2.505737,-44.295283,FIXED,60,OSM,1,,,
-2.505154,-44.294604,FIXED,60,OSM,1,,,
-2.505066,-44.294718,FIXED,60,OSM,1,,,
-2.504595,-44.293958,FIXED,60,OSM,1,,,
-2.504341,-44.277686,FIXED,60,OSM,1,,,
-2.503975,-44.277540,FIXED,60,OSM,1,,,
-2.503886,-44.293358,FIXED,60,OSM,1,,,
-2.502914,-44.292243,FIXED,60,OSM,1,,,
-2.502023,-44.291208,FIXED,60,OSM,1,,,
-2.501568,-44.289830,FIXED,60,OSM,1,,,
-2.501390,-44.289751,FIXED,60,OSM,1,,,
-2.501136,-44.289145,FIXED,60,OSM,1,,,
-2.501001,-44.240161,FIXED,60,OSM,1,,,
-2.500964,-44.288403,FIXED,60,OSM,1,,,
-2.500627,-44.287932,FIXED,60,OSM,1,,,
-2.500016,-44.240193,FIXED,60,OSM,1,,,
-2.499363,-44.279581,FIXED,60,OSM,1,,,
-2.499223,-44.283152,FIXED,60,OSM,1,,,
-2.497671,-44.308222,FIXED,,OSM,1,,,
-2.496708,-44.293812,FIXED,40,OSM,1,,,
-2.496398,-44.293614,FIXED,40,OSM,1,,,
-2.492806,-44.291966,FIXED,60,OSM,1,,,
-2.492783,-44.291749,FIXED,60,OSM,1,,,
-2.492753,-44.264108,FIXED,60,OSM,1,,,
-2.492554,-44.263660,FIXED,60,OSM,1,,,
-2.491353,-44.231102,FIXED,50,OSM,1,,,
-2.491246,-44.282029,FIXED,60,OSM,1,,,
-2.491171,-44.230854,FIXED,50,OSM,1,,,
-2.490197,-44.300022,FIXED,60,OSM,1,,,
-2.490067,-44.300193,FIXED,60,OSM,1,,,
-2.489557,-44.293825,FIXED,60,OSM,1,,,
-2.488489,-44.283455,FIXED,60,OSM,1,,,
-2.488380,-44.283429,FIXED,60,OSM,1,,,
-2.488094,-44.274199,FIXED,60,OSM,1,,,
-2.488000,-44.274296,FIXED,60,OSM,1,,,
-2.479932,-44.230114,FIXED,60,OSM,1,,,
-2.479571,-44.228830,FIXED,60,OSM,1,,,
-2.478933,-44.211433,FIXED,60,OSM,1,,,
-2.478832,-44.211500,FIXED,60,OSM,1,,,
