lat1,lng1,lat2,lng2,kind
-11.540413,-37.568291,-11.539240,-37.567949,BRIDGE
-11.520037,-37.800651,-11.520440,-37.801060,BRIDGE
-11.517001,-37.520189,-11.516718,-37.519905,BRIDGE
-11.515602,-37.511232,-11.515385,-37.511136,BRIDGE
-11.510490,-37.635829,-11.510554,-37.635704,BRIDGE
-11.508293,-37.692729,-11.508366,-37.692686,BRIDGE
-11.476805,-37.756998,-11.476877,-37.757126,TUNNEL
-11.474068,-37.491895,-11.473789,-37.491917,BRIDGE
-11.462417,-37.737347,-11.462504,-37.737506,BRIDGE
-11.457363,-37.749253,-11.457289,-37.749233,BRIDGE
-11.443041,-37.493432,-11.442914,-37.493292,BRIDGE
-11.433489,-37.409332,-11.430986,-37.393811,BRIDGE
-11.428676,-37.412116,-11.428082,-37.412397,BRIDGE
-11.425911,-37.798645,-11.425957,-37.798716,BRIDGE
-11.418197,-37.860316,-11.418092,-37.860171,BRIDGE
-11.416994,-37.703279,-11.417439,-37.703863,BRIDGE
-11.416912,-37.363966,-11.416121,-37.362372,BRIDGE
-11.406304,-37.759924,-11.406386,-37.759904,BRIDGE
-11.401683,-37.926929,-11.401220,-37.926699,BRIDGE
-11.386131,-37.668163,-11.386568,-37.668463,BRIDGE
-11.382644,-37.940933,-11.382489,-37.940850,BRIDGE
-11.377754,-37.879034,-11.377744,-37.879152,BRIDGE
-11.376889,-37.592680,-11.377018,-37.592533,BRIDGE
-11.374871,-37.832449,-11.375018,-37.832322,BRIDGE
-11.372888,-37.464542,-11.372361,-37.464354,BRIDGE
-11.364683,-37.785443,-11.364771,-37.785455,BRIDGE
-11.364497,-37.874814,-11.364418,-37.875040,BRIDGE
-11.360440,-37.436873,-11.360655,-37.436607,BRIDGE
-11.359960,-37.791038,-11.360128,-37.791309,BRIDGE
-11.356371,-37.472907,-11.356377,-37.472989,BRIDGE
-11.349878,-37.323471,-11.349640,-37.323950,BRIDGE
-11.349433,-37.448534,-11.349176,-37.448592,BRIDGE
-11.335588,-37.289703,-11.335727,-37.289656,BRIDGE
-11.332983,-37.811954,-11.332816,-37.811964,BRIDGE
-11.319715,-37.295882,-11.319664,-37.295975,BRIDGE
-11.307477,-37.842875,-11.307775,-37.843107,BRIDGE
-11.303198,-37.487353,-11.303266,-37.487509,BRIDGE
-11.301485,-37.452483,-11.301628,-37.452430,BRIDGE
-11.298174,-37.675847,-11.298225,-37.675806,BRIDGE
-11.289288,-37.841702,-11.289284,-37.841576,BRIDGE
-11.285213,-37.780560,-11.284921,-37.780665,BRIDGE
-11.284562,-37.870635,-11.284446,-37.870506,BRIDGE
-11.282051,-37.449887,-11.282639,-37.450157,BRIDGE
-11.275581,-37.610647,-11.275971,-37.610271,BRIDGE
-11.272706,-37.289801,-11.272726,-37.289584,BRIDGE
-11.268349,-37.418195,-11.268407,-37.418595,BRIDGE
-11.267540,-37.442646,-11.267303,-37.443190,BRIDGE
-11.266234,-37.790346,-11.266202,-37.790479,BRIDGE
-11.264782,-37.442053,-11.264740,-37.442466,BRIDGE
-11.262026,-37.443202,-11.261376,-37.444130,BRIDGE
-11.259393,-37.856560,-11.259368,-37.856481,BRIDGE
-11.259190,-37.786775,-11.259054,-37.786810,BRIDGE
-11.258707,-37.443890,-11.258617,-37.443756,BRIDGE
-11.255101,-37.603855,-11.255119,-37.604126,BRIDGE
-11.254651,-37.959201,-11.254709,-37.959236,BRIDGE
-11.251168,-37.628309,-11.251917,-37.627609,BRIDGE
-11.250666,-37.962529,-11.250601,-37.962545,BRIDGE
-11.249723,-37.790889,-11.249552,-37.790952,BRIDGE
-11.246858,-37.729721,-11.247075,-37.729719,BRIDGE
-11.242955,-37.882303,-11.243071,-37.882350,BRIDGE
-11.240741,-37.860974,-11.240656,-37.861077,BRIDGE
-11.236569,-37.770115,-11.236341,-37.770359,BRIDGE
-11.234764,-37.446431,-11.234648,-37.446408,BRIDGE
-11.230654,-37.875134,-11.230722,-37.875204,BRIDGE
-11.223613,-37.296385,-11.222730,-37.297744,BRIDGE
-11.223474,-37.781944,-11.223437,-37.781814,BRIDGE
-11.222920,-37.794758,-11.222799,-37.794667,BRIDGE
-11.220922,-37.683178,-11.221063,-37.683284,BRIDGE
-11.217451,-37.805425,-11.217569,-37.805548,BRIDGE
-11.210583,-37.814923,-11.210481,-37.814959,BRIDGE
-11.208974,-37.866775,-11.209108,-37.866786,BRIDGE
-11.206429,-37.339575,-11.206711,-37.340004,BRIDGE
-11.204822,-37.837523,-11.204672,-37.837555,BRIDGE
-11.204645,-37.838084,-11.204513,-37.838082,BRIDGE
-11.204173,-37.533822,-11.203751,-37.534382,BRIDGE
-11.203810,-37.470439,-11.203733,-37.470411,BRIDGE
-11.199934,-37.848925,-11.199910,-37.849054,BRIDGE
-11.193606,-37.916153,-11.193532,-37.916152,BRIDGE
-11.192539,-38.003571,-11.193097,-38.003828,BRIDGE
-11.188947,-37.677700,-11.189089,-37.677543,BRIDGE
-11.188073,-37.977981,-11.188087,-37.977748,BRIDGE
-11.182960,-37.687002,-11.183207,-37.686868,BRIDGE
-11.181094,-37.473324,-11.181142,-37.473246,BRIDGE
-11.175961,-37.990771,-11.176465,-37.991223,BRIDGE
-11.171837,-37.431972,-11.172216,-37.431737,BRIDGE
-11.171623,-37.452663,-11.171719,-37.452809,BRIDGE
-11.169589,-37.603893,-11.169666,-37.603679,BRIDGE
-11.168940,-37.711769,-11.168932,-37.711579,BRIDGE
-11.158032,-38.041306,-11.158061,-38.041473,BRIDGE
-11.157916,-38.012365,-11.157789,-38.012419,BRIDGE
-11.157126,-37.338699,-11.157160,-37.338584,BRIDGE
-11.156533,-37.899521,-11.156541,-37.899332,BRIDGE
-11.153407,-37.625525,-11.153626,-37.626019,BRIDGE
-11.152086,-37.836721,-11.151960,-37.836783,BRIDGE
-11.147403,-37.986020,-11.147333,-37.986239,BRIDGE
-11.146613,-37.459006,-11.146467,-37.458998,BRIDGE
-11.145094,-37.911034,-11.144994,-37.910932,BRIDGE
-11.143512,-37.832007,-11.143537,-37.832070,BRIDGE
-11.141499,-37.548292,-11.141012,-37.547948,BRIDGE
-11.138023,-37.394089,-11.138178,-37.394081,BRIDGE
-11.137192,-37.980041,-11.137225,-37.980259,BRIDGE
-11.136881,-37.917008,-11.136996,-37.917289,BRIDGE
-11.135417,-37.874952,-11.135352,-37.874956,BRIDGE
-11.135354,-37.880082,-11.135392,-37.880103,BRIDGE
-11.133315,-37.506648,-11.133179,-37.506542,BRIDGE
-11.133008,-37.882575,-11.133097,-37.882628,BRIDGE
-11.132027,-37.626754,-11.132137,-37.626690,BRIDGE
-11.131446,-37.867787,-11.131486,-37.867806,BRIDGE
-11.130362,-38.008961,-11.130498,-38.008937,BRIDGE
-11.126375,-37.891327,-11.126435,-37.891474,BRIDGE
-11.125915,-38.062965,-11.126008,-38.062917,BRIDGE
-11.123584,-37.902879,-11.123747,-37.902867,BRIDGE
-11.121579,-37.383779,-11.121524,-37.383899,BRIDGE
-11.119716,-37.480301,-11.119662,-37.480237,BRIDGE
-11.115543,-37.911783,-11.115624,-37.911682,BRIDGE
-11.114242,-37.612043,-11.114195,-37.612046,BRIDGE
-11.114143,-37.168226,-11.111424,-37.158700,BRIDGE
-11.112725,-37.344600,-11.112755,-37.344667,BRIDGE
-11.111342,-37.759313,-11.111348,-37.759245,BRIDGE
-11.106851,-37.429772,-11.106841,-37.429918,BRIDGE
-11.102682,-37.434419,-11.102586,-37.434389,BRIDGE
-11.102039,-37.588505,-11.100910,-37.587626,BRIDGE
-11.101598,-38.093116,-11.101593,-38.092975,BRIDGE
-11.097275,-37.473789,-11.097153,-37.473760,BRIDGE
-11.096818,-37.896770,-11.096705,-37.896809,BRIDGE
-11.092792,-37.870838,-11.092666,-37.870800,BRIDGE
-11.092750,-37.752367,-11.092783,-37.752260,BRIDGE
-11.092381,-37.820777,-11.092283,-37.820786,BRIDGE
-11.090267,-37.466288,-11.090319,-37.466340,BRIDGE
-11.089932,-37.812738,-11.089850,-37.812744,BRIDGE
-11.089178,-37.370800,-11.088803,-37.370785,BRIDGE
-11.088801,-37.370893,-11.089186,-37.370911,BRIDGE
-11.087775,-37.268537,-11.087597,-37.268514,BRIDGE
-11.087744,-37.746329,-11.087649,-37.746427,BRIDGE
-11.084860,-38.010729,-11.084915,-38.010686,BRIDGE
-11.081966,-37.618275,-11.081831,-37.618141,BRIDGE
-11.078617,-37.732455,-11.078689,-37.732561,BRIDGE
-11.078556,-37.366097,-11.077937,-37.365738,BRIDGE
-11.077887,-37.365814,-11.078485,-37.366190,BRIDGE
-11.077132,-37.724223,-11.077674,-37.724109,BRIDGE
-11.075881,-37.268431,-11.075683,-37.268565,BRIDGE
-11.073901,-37.189108,-11.073860,-37.189169,BRIDGE
-11.073822,-37.728169,-11.073881,-37.728229,BRIDGE
-11.073810,-37.927812,-11.073862,-37.927760,BRIDGE
-11.073645,-37.477674,-11.073477,-37.477654,BRIDGE
-11.070911,-37.955406,-11.070913,-37.955512,BRIDGE
-11.070682,-37.924979,-11.070642,-37.925011,BRIDGE
-11.069743,-37.728656,-11.069779,-37.728760,BRIDGE
-11.069415,-37.928806,-11.069421,-37.928770,BRIDGE
-11.065920,-37.582812,-11.065867,-37.582681,BRIDGE
-11.065582,-37.796855,-11.065615,-37.796942,BRIDGE
-11.063807,-38.045668,-11.063698,-38.045709,BRIDGE
-11.059287,-37.957167,-11.059194,-37.957196,BRIDGE
-11.058520,-37.924769,-11.058420,-37.924923,BRIDGE
-11.055930,-38.017742,-11.055884,-38.017850,BRIDGE
-11.054648,-37.475156,-11.054527,-37.475009,BRIDGE
-11.048783,-37.316202,-11.048952,-37.316202,BRIDGE
-11.047290,-37.503788,-11.047091,-37.503781,BRIDGE
-11.045606,-37.475755,-11.045589,-37.475626,BRIDGE
-11.045273,-37.725137,-11.045351,-37.725150,BRIDGE
-11.044639,-38.052738,-11.044549,-38.052771,BRIDGE
-11.044508,-37.364657,-11.044376,-37.365013,BRIDGE
-11.044458,-37.365032,-11.044600,-37.364666,BRIDGE
-11.040260,-37.364661,-11.039824,-37.364653,BRIDGE
-11.039832,-37.364743,-11.040260,-37.364761,BRIDGE
-11.036519,-37.338758,-11.036427,-37.338428,BRIDGE
-11.036334,-37.338467,-11.036430,-37.338775,BRIDGE
-11.035117,-37.403911,-11.035048,-37.404424,BRIDGE
-11.034843,-37.405690,-11.034794,-37.406033,BRIDGE
-11.033810,-37.685678,-11.033888,-37.685651,BRIDGE
-11.030443,-37.478847,-11.030482,-37.478983,BRIDGE
-11.029658,-37.567794,-11.029640,-37.567885,BRIDGE
-11.027397,-37.445289,-11.027379,-37.445510,BRIDGE
-11.026158,-37.692392,-11.026064,-37.692399,BRIDGE
-11.025557,-37.641762,-11.025620,-37.641713,BRIDGE
-11.024974,-37.778352,-11.025006,-37.778274,BRIDGE
-11.024696,-37.639423,-11.025019,-37.639678,BRIDGE
-11.024062,-37.482140,-11.023924,-37.482503,BRIDGE
-11.023035,-37.485083,-11.022860,-37.485574,BRIDGE
-11.022734,-38.060797,-11.022452,-38.060879,BRIDGE
-11.022228,-37.485433,-11.022238,-37.485754,BRIDGE
-11.021128,-37.569612,-11.021129,-37.569518,BRIDGE
-11.018980,-37.566880,-11.019170,-37.566890,BRIDGE
-11.018876,-37.203707,-11.018780,-37.203695,BRIDGE
-11.018766,-37.170948,-11.018736,-37.171110,BRIDGE
-11.018572,-37.205028,-11.018734,-37.205057,BRIDGE
-11.012674,-37.789753,-11.012772,-37.789647,BRIDGE
-11.010381,-38.111135,-11.010302,-38.111116,BRIDGE
-11.009724,-37.208849,-11.010035,-37.208774,BRIDGE
-11.009569,-37.208539,-11.009500,-37.208681,BRIDGE
-11.009186,-37.497031,-11.009102,-37.496929,BRIDGE
-11.008793,-38.139748,-11.008974,-38.139961,BRIDGE
-11.008211,-37.217877,-11.008220,-37.217772,BRIDGE
-11.008049,-37.253320,-11.008081,-37.253122,BRIDGE
-11.007564,-37.208731,-11.007582,-37.208818,BRIDGE
-11.007270,-37.322991,-11.007289,-37.322796,BRIDGE
-11.005241,-38.102514,-11.005342,-38.102409,BRIDGE
-11.004788,-37.328454,-11.004796,-37.328548,BRIDGE
-11.003569,-37.265142,-11.003380,-37.265043,BRIDGE
-11.003306,-37.648871,-11.003527,-37.649006,BRIDGE
-11.003303,-37.329692,-11.003345,-37.329915,BRIDGE
-11.001605,-37.344811,-11.001378,-37.344609,BRIDGE
-10.998958,-37.507243,-10.998887,-37.507217,BRIDGE
-10.998955,-37.087487,-10.998735,-37.087764,BRIDGE
-10.998734,-37.184519,-10.998902,-37.184539,BRIDGE
-10.997906,-37.303238,-10.996241,-37.301825,BRIDGE
-10.996880,-37.502736,-10.996826,-37.502822,BRIDGE
-10.996759,-37.072364,-10.996818,-37.072249,BRIDGE
-10.996744,-37.515198,-10.996708,-37.515171,BRIDGE
-10.996701,-37.945781,-10.996838,-37.945856,BRIDGE
-10.996160,-37.301895,-10.997823,-37.303319,BRIDGE
-10.995042,-37.216569,-10.995220,-37.216493,BRIDGE
-10.994869,-37.215376,-10.994949,-37.215227,BRIDGE
-10.993773,-37.298946,-10.993414,-37.298431,BRIDGE
-10.993614,-37.053326,-10.993578,-37.053302,TUNNEL
-10.993544,-37.053545,-10.993641,-37.053395,TUNNEL
-10.993322,-37.298515,-10.993680,-37.299043,BRIDGE
-10.993225,-37.069604,-10.993271,-37.069500,BRIDGE
-10.992158,-37.524342,-10.992074,-37.524329,BRIDGE
-10.991858,-37.229042,-10.992047,-37.229031,BRIDGE
-10.991332,-37.825531,-10.991311,-37.825804,BRIDGE
-10.989264,-37.743929,-10.989028,-37.743767,BRIDGE
-10.987513,-37.095738,-10.987603,-37.095551,BRIDGE
-10.985048,-37.286867,-10.985114,-37.286757,BRIDGE
-10.984163,-37.097263,-10.984214,-37.097146,BRIDGE
-10.983593,-37.599491,-10.983557,-37.599451,BRIDGE
-10.982373,-37.610192,-10.982397,-37.610058,BRIDGE
-10.982175,-37.289233,-10.981785,-37.288950,BRIDGE
-10.981857,-37.289139,-10.982169,-37.289369,BRIDGE
-10.980673,-37.946555,-10.980720,-37.946522,BRIDGE
-10.979682,-37.088731,-10.979487,-37.088855,BRIDGE
-10.979653,-37.089447,-10.979801,-37.089345,BRIDGE
-10.979453,-37.607140,-10.979427,-37.606912,BRIDGE
-10.979084,-37.509075,-10.978995,-37.509048,BRIDGE
-10.974924,-38.078716,-10.974851,-38.078744,BRIDGE
-10.973000,-37.934401,-10.973050,-37.934345,BRIDGE
-10.972960,-37.079954,-10.972757,-37.080400,BRIDGE
-10.972853,-37.080417,-10.973067,-37.079997,BRIDGE
-10.972794,-37.570198,-10.972900,-37.570268,BRIDGE
-10.972050,-37.601918,-10.971838,-37.602260,BRIDGE
-10.971988,-37.092718,-10.971845,-37.092392,BRIDGE
-10.971729,-37.774717,-10.971666,-37.774736,BRIDGE
-10.969133,-37.278501,-10.969046,-37.278253,BRIDGE
-10.968964,-37.278305,-10.969043,-37.278529,BRIDGE
-10.967914,-37.523861,-10.967842,-37.523847,BRIDGE
-10.965574,-37.791374,-10.965653,-37.791356,BRIDGE
-10.964315,-37.838784,-10.964235,-37.838862,BRIDGE
-10.964148,-38.054433,-10.964116,-38.054516,BRIDGE
-10.963421,-37.165481,-10.963730,-37.165804,BRIDGE
-10.962514,-37.766963,-10.962595,-37.766953,BRIDGE
-10.961265,-37.524605,-10.961224,-37.524651,BRIDGE
-10.960199,-37.077094,-10.959593,-37.077025,BRIDGE
-10.959560,-37.077136,-10.960189,-37.077201,BRIDGE
-10.959519,-37.099491,-10.959277,-37.099268,BRIDGE
-10.959499,-37.079960,-10.959109,-37.079458,BRIDGE
-10.959198,-37.054414,-10.957852,-37.053977,BRIDGE
-10.959030,-37.079568,-10.959424,-37.080069,BRIDGE
-10.958406,-37.258034,-10.958298,-37.257845,BRIDGE
-10.958381,-38.184561,-10.958272,-38.184681,BRIDGE
-10.957961,-37.069273,-10.956299,-37.069354,BRIDGE
-10.957763,-37.054114,-10.959139,-37.054567,BRIDGE
-10.956699,-37.534548,-10.956692,-37.534441,BRIDGE
-10.956544,-37.053517,-10.953614,-37.052314,BRIDGE
-10.956492,-37.221622,-10.956540,-37.221524,BRIDGE
-10.956311,-37.069466,-10.957967,-37.069382,BRIDGE
-10.953880,-38.086462,-10.953535,-38.086584,BRIDGE
-10.953732,-37.707143,-10.954168,-37.707352,BRIDGE
-10.953586,-37.052393,-10.956504,-37.053580,BRIDGE
-10.952967,-37.219672,-10.952792,-37.219326,BRIDGE
-10.952891,-37.219757,-10.952700,-37.219362,BRIDGE
-10.952619,-37.219385,-10.952816,-37.219808,BRIDGE
-10.952268,-37.599742,-10.952244,-37.599901,BRIDGE
-10.951271,-37.065184,-10.950629,-37.068196,BRIDGE
-10.951030,-37.067222,-10.951212,-37.066331,BRIDGE
-10.950878,-37.335175,-10.950825,-37.335024,BRIDGE
-10.950610,-37.337763,-10.950503,-37.337566,BRIDGE
-10.950448,-37.333278,-10.950346,-37.333194,BRIDGE
-10.948542,-37.071723,-10.947495,-37.072787,BRIDGE
-10.948476,-37.738310,-10.948334,-37.738464,BRIDGE
-10.947495,-37.072787,-10.946204,-37.074021,BRIDGE
-10.947466,-37.072959,-10.947925,-37.073065,BRIDGE
-10.947466,-37.072959,-10.948526,-37.071936,BRIDGE
-10.947372,-37.073660,-10.947124,-37.073301,BRIDGE
-10.947212,-37.072460,-10.947495,-37.072787,BRIDGE
-10.947124,-37.073128,-10.946899,-37.072835,BRIDGE
-10.946817,-37.772107,-10.946999,-37.772063,BRIDGE
-10.946640,-37.732004,-10.946701,-37.732179,BRIDGE
-10.946254,-37.074140,-10.947466,-37.072959,BRIDGE
-10.946004,-37.514701,-10.945809,-37.514681,BRIDGE
-10.945687,-37.602053,-10.945617,-37.601971,BRIDGE
-10.944583,-37.336528,-10.944461,-37.336684,BRIDGE
-10.944361,-37.075863,-10.942640,-37.077569,BRIDGE
-10.944195,-37.087535,-10.943900,-37.087182,BRIDGE
-10.943853,-37.087210,-10.944155,-37.087569,BRIDGE
-10.942778,-37.061190,-10.942799,-37.061066,BRIDGE
-10.942705,-37.077663,-10.944263,-37.076122,BRIDGE
-10.942588,-37.077885,-10.944350,-37.077069,BRIDGE
-10.942401,-37.048652,-10.941368,-37.050037,BRIDGE
-10.941424,-37.050089,-10.942452,-37.048695,BRIDGE
-10.940773,-37.243970,-10.940643,-37.243907,BRIDGE
-10.940766,-37.343219,-10.940786,-37.343319,BRIDGE
-10.940637,-37.034234,-10.940634,-37.034128,BRIDGE
-10.940495,-37.059330,-10.940453,-37.059462,TUNNEL
-10.940336,-37.088192,-10.940327,-37.087755,BRIDGE
-10.939486,-37.057129,-10.939372,-37.057139,BRIDGE
-10.939294,-37.923427,-10.939234,-37.923484,BRIDGE
-10.939221,-37.649198,-10.939256,-37.649157,TUNNEL
-10.939109,-37.649018,-10.939073,-37.649062,TUNNEL
-10.938874,-37.072747,-10.938751,-37.072676,BRIDGE
-10.938864,-37.649447,-10.938910,-37.649481,TUNNEL
-10.938436,-37.055697,-10.938506,-37.055612,BRIDGE
-10.936710,-37.756094,-10.936507,-37.756100,BRIDGE
-10.936618,-37.069070,-10.936558,-37.069220,BRIDGE
-10.934930,-37.070299,-10.934927,-37.070157,BRIDGE
-10.932309,-37.070231,-10.932313,-37.070127,BRIDGE
-10.932045,-37.122280,-10.932089,-37.122224,BRIDGE
-10.931254,-37.047205,-10.931182,-37.047111,BRIDGE
-10.931252,-37.113239,-10.931402,-37.113185,BRIDGE
-10.931071,-37.047201,-10.931168,-37.047315,BRIDGE
-10.930994,-37.059874,-10.930096,-37.061695,BRIDGE
-10.930477,-37.048260,-10.930397,-37.048196,BRIDGE
-10.930425,-37.774863,-10.930262,-37.774914,BRIDGE
-10.930171,-37.061746,-10.931069,-37.059922,BRIDGE
-10.929652,-37.056992,-10.929716,-37.057033,BRIDGE
-10.929440,-37.057532,-10.929360,-37.057479,BRIDGE
-10.929186,-37.513554,-10.929100,-37.513508,BRIDGE
-10.929065,-37.058025,-10.929133,-37.058074,BRIDGE
-10.928936,-37.056378,-10.928903,-37.056434,BRIDGE
-10.928005,-37.050231,-10.927889,-37.050246,BRIDGE
-10.927895,-37.601817,-10.927860,-37.601918,BRIDGE
-10.927891,-37.050967,-10.927812,-37.050966,BRIDGE
-10.927721,-37.051671,-10.927818,-37.051674,BRIDGE
-10.927630,-37.054312,-10.927568,-37.054313,BRIDGE
-10.926859,-37.053012,-10.926859,-37.053076,BRIDGE
-10.926804,-37.119510,-10.926806,-37.119407,BRIDGE
-10.926198,-37.053064,-10.926199,-37.053003,BRIDGE
-10.926123,-37.068632,-10.926218,-37.068630,BRIDGE
-10.925943,-37.669283,-10.926132,-37.669370,BRIDGE
-10.925465,-37.052963,-10.925462,-37.053043,BRIDGE
-10.925408,-37.067860,-10.925410,-37.067996,BRIDGE
-10.924730,-37.053026,-10.924733,-37.052939,BRIDGE
-10.924011,-37.052988,-10.923980,-37.052876,BRIDGE
-10.922934,-37.812540,-10.923079,-37.812436,BRIDGE
-10.922913,-37.174727,-10.922580,-37.174261,BRIDGE
-10.922810,-37.674878,-10.922880,-37.674938,BRIDGE
-10.922513,-37.097049,-10.922395,-37.097409,BRIDGE
-10.922508,-37.097444,-10.922646,-37.097043,BRIDGE
-10.922503,-37.174400,-10.922799,-37.174836,BRIDGE
-10.922430,-38.097808,-10.922373,-38.097828,BRIDGE
-10.921437,-37.647259,-10.921380,-37.647362,BRIDGE
-10.920927,-38.061064,-10.921029,-38.061440,BRIDGE
-10.920831,-37.055217,-10.920833,-37.055153,BRIDGE
-10.919252,-37.055133,-10.919251,-37.055175,BRIDGE
-10.919115,-37.084645,-10.918871,-37.084877,BRIDGE
-10.918895,-37.085023,-10.919125,-37.084814,BRIDGE
-10.918393,-37.904855,-10.918346,-37.904781,BRIDGE
-10.917964,-37.744964,-10.917851,-37.745021,BRIDGE
-10.917803,-37.071080,-10.917867,-37.071088,BRIDGE
-10.917445,-37.064357,-10.917444,-37.064262,BRIDGE
-10.917305,-37.055135,-10.917304,-37.055078,BRIDGE
-10.916742,-37.165953,-10.916513,-37.165629,BRIDGE
-10.916439,-37.165716,-10.916648,-37.166002,BRIDGE
-10.916135,-37.063745,-10.916133,-37.063865,BRIDGE
-10.916116,-37.055075,-10.916114,-37.055133,BRIDGE
-10.916016,-37.067030,-10.916010,-37.067087,BRIDGE
-10.915831,-37.126494,-10.915728,-37.126556,BRIDGE
-10.915300,-37.679940,-10.915290,-37.679736,BRIDGE
-10.914995,-37.055131,-10.914996,-37.055081,BRIDGE
-10.914982,-37.066752,-10.914872,-37.066723,BRIDGE
-10.914722,-37.378774,-10.914933,-37.378828,BRIDGE
-10.914576,-37.598710,-10.914690,-37.598399,BRIDGE
-10.914061,-37.064259,-10.914070,-37.064153,BRIDGE
-10.913967,-37.055046,-10.913968,-37.055096,BRIDGE
-10.913049,-37.646832,-10.912694,-37.646416,BRIDGE
-10.912607,-37.035833,-10.912624,-37.035881,BRIDGE
-10.911405,-37.064207,-10.911404,-37.064114,BRIDGE
-10.911352,-37.347456,-10.911290,-37.347468,BRIDGE
-10.911276,-37.648279,-10.911343,-37.648435,BRIDGE
-10.911167,-38.162641,-10.911218,-38.162776,BRIDGE
-10.910946,-37.032197,-10.911014,-37.032163,BRIDGE
-10.910882,-37.621480,-10.910887,-37.621397,BRIDGE
-10.910484,-37.063780,-10.910489,-37.063907,BRIDGE
-10.909119,-37.086520,-10.909127,-37.086441,BRIDGE
-10.908788,-37.086477,-10.908798,-37.086392,BRIDGE
-10.908636,-37.745322,-10.908298,-37.745284,BRIDGE
-10.908614,-37.086555,-10.908535,-37.086547,BRIDGE
-10.908512,-37.505209,-10.908424,-37.505189,BRIDGE
-10.908292,-37.036737,-10.908328,-37.036832,BRIDGE
-10.908181,-37.036458,-10.908209,-37.036528,BRIDGE
-10.908051,-37.062332,-10.908058,-37.062232,BRIDGE
-10.907959,-37.341706,-10.907880,-37.341725,BRIDGE
-10.907901,-37.062112,-10.907902,-37.062245,BRIDGE
-10.907792,-37.091353,-10.907849,-37.090908,BRIDGE
-10.907694,-37.090890,-10.907648,-37.091321,BRIDGE
-10.906427,-37.090057,-10.906344,-37.090011,BRIDGE
-10.906303,-37.090103,-10.906386,-37.090156,BRIDGE
-10.905693,-37.054869,-10.905598,-37.054866,BRIDGE
-10.905430,-37.059043,-10.905348,-37.059041,BRIDGE
-10.905412,-37.055875,-10.905329,-37.055872,BRIDGE
-10.905351,-37.657381,-10.905231,-37.657297,BRIDGE
-10.905204,-37.038036,-10.905162,-37.037993,BRIDGE
-10.905203,-37.053074,-10.905128,-37.053127,BRIDGE
-10.905191,-37.058008,-10.905274,-37.058011,BRIDGE
-10.905163,-37.053213,-10.905234,-37.053169,BRIDGE
-10.905057,-37.056963,-10.905139,-37.056969,BRIDGE
-10.905002,-37.092537,-10.904922,-37.092436,BRIDGE
-10.904999,-37.660600,-10.904883,-37.660594,BRIDGE
-10.904584,-37.060366,-10.904577,-37.060465,BRIDGE
-10.904050,-37.051512,-10.904087,-37.051425,BRIDGE
-10.903877,-37.656309,-10.903768,-37.656257,BRIDGE
-10.903860,-37.060190,-10.903864,-37.060103,BRIDGE
-10.903609,-37.039138,-10.903551,-37.039134,BRIDGE
-10.903265,-37.131511,-10.902770,-37.131558,BRIDGE
-10.903229,-37.051488,-10.903230,-37.051395,BRIDGE
-10.903172,-37.051388,-10.903170,-37.051423,BRIDGE
-10.903166,-37.066717,-10.903066,-37.066706,BRIDGE
-10.903139,-37.051395,-10.903138,-37.051488,BRIDGE
-10.903089,-37.336414,-10.903040,-37.336378,BRIDGE
-10.902769,-37.131649,-10.903288,-37.131601,BRIDGE
-10.902439,-37.092767,-10.902491,-37.092621,BRIDGE
-10.902125,-37.048797,-10.901960,-37.048804,BRIDGE
-10.902109,-37.050359,-10.902377,-37.050366,BRIDGE
-10.901973,-37.092378,-10.901876,-37.092556,BRIDGE
-10.901969,-37.078002,-10.901954,-37.077878,BRIDGE
-10.899882,-37.080014,-10.899778,-37.079928,BRIDGE
-10.899572,-37.081866,-10.899653,-37.081815,BRIDGE
-10.899297,-37.052760,-10.899292,-37.052663,BRIDGE
-10.899076,-37.060525,-10.899054,-37.060387,BRIDGE
-10.899004,-37.084395,-10.899085,-37.084453,BRIDGE
-10.898778,-37.052750,-10.898700,-37.052644,BRIDGE
-10.898731,-38.065350,-10.898727,-38.064881,BRIDGE
-10.898603,-37.177221,-10.898105,-37.177335,BRIDGE
-10.898158,-37.088515,-10.898414,-37.088635,BRIDGE
-10.897882,-37.434922,-10.897801,-37.434927,BRIDGE
-10.897736,-37.052726,-10.897669,-37.052725,BRIDGE
-10.896456,-37.055300,-10.896428,-37.055192,BRIDGE
-10.896429,-37.098889,-10.896405,-37.099011,BRIDGE
-10.896366,-37.036520,-10.895073,-37.051711,BRIDGE
-10.895881,-37.052467,-10.895177,-37.051653,BRIDGE
-10.895532,-37.100441,-10.895574,-37.100465,BRIDGE
-10.895248,-37.057553,-10.895292,-37.057607,BRIDGE
-10.895177,-37.051653,-10.896442,-37.036552,BRIDGE
-10.895073,-37.051711,-10.894660,-37.052223,BRIDGE
-10.893399,-37.064500,-10.893778,-37.064489,TUNNEL
-10.892051,-37.087891,-10.892100,-37.087489,BRIDGE
-10.890496,-37.709419,-10.890254,-37.709708,BRIDGE
-10.887202,-37.091179,-10.885431,-37.089334,BRIDGE
-10.886554,-37.082859,-10.886697,-37.082880,BRIDGE
-10.886138,-37.083718,-10.886223,-37.083773,BRIDGE
-10.885341,-37.089401,-10.887067,-37.091232,BRIDGE
-10.885241,-37.157207,-10.885459,-37.157263,TUNNEL
-10.884388,-37.133451,-10.884345,-37.132911,BRIDGE
-10.884276,-37.132904,-10.884329,-37.133435,BRIDGE
-10.880620,-37.143396,-10.880698,-37.143476,BRIDGE
-10.877328,-37.206179,-10.877136,-37.206164,BRIDGE
-10.877016,-38.013991,-10.876847,-38.013918,BRIDGE
-10.872845,-37.899426,-10.872918,-37.899388,BRIDGE
-10.868386,-37.674585,-10.868347,-37.674664,BRIDGE
-10.868223,-37.235389,-10.868436,-37.235506,BRIDGE
-10.868035,-37.055650,-10.863351,-37.057780,BRIDGE
-10.862142,-37.727768,-10.861956,-37.727930,BRIDGE
-10.861485,-37.080892,-10.863363,-37.080500,BRIDGE
-10.858961,-37.837080,-10.858900,-37.837134,BRIDGE
-10.858368,-37.058622,-10.858275,-37.058623,TUNNEL
-10.852687,-37.191633,-10.852481,-37.191665,BRIDGE
-10.849836,-37.136343,-10.849213,-37.136408,BRIDGE
-10.849235,-37.136494,-10.849838,-37.136437,BRIDGE
-10.848552,-38.124883,-10.848362,-38.124941,BRIDGE
-10.848155,-37.136503,-10.847857,-37.136534,BRIDGE
-10.847882,-37.340855,-10.847855,-37.340638,BRIDGE
-10.847870,-37.136625,-10.848127,-37.136602,BRIDGE
-10.846783,-37.208722,-10.846675,-37.208840,BRIDGE
-10.846677,-37.059711,-10.846743,-37.059776,BRIDGE
-10.846570,-37.717896,-10.846609,-37.717882,BRIDGE
-10.845272,-37.339528,-10.845187,-37.339508,BRIDGE
-10.844327,-37.210502,-10.844107,-37.210605,BRIDGE
-10.841633,-37.170728,-10.841307,-37.170892,BRIDGE
-10.841082,-37.167297,-10.841141,-37.167263,BRIDGE
-10.840950,-37.215214,-10.840910,-37.215456,BRIDGE
-10.839613,-37.819169,-10.839569,-37.819102,BRIDGE
-10.839201,-37.217732,-10.838768,-37.218065,BRIDGE
-10.837640,-37.280956,-10.837721,-37.281036,BRIDGE
-10.837502,-37.581284,-10.835811,-37.579870,BRIDGE
-10.835705,-37.137704,-10.833811,-37.137866,BRIDGE
-10.835567,-37.723765,-10.835424,-37.723838,BRIDGE
-10.835126,-37.057362,-10.835203,-37.057119,BRIDGE
-10.834059,-37.785312,-10.834185,-37.785263,BRIDGE
-10.833770,-37.137955,-10.835728,-37.137806,BRIDGE
-10.833483,-37.720021,-10.833507,-37.719955,BRIDGE
-10.832507,-37.154599,-10.833122,-37.154198,BRIDGE
-10.823977,-37.640459,-10.823884,-37.640692,BRIDGE
-10.823582,-37.830576,-10.823292,-37.830686,BRIDGE
-10.821878,-37.237548,-10.821778,-37.237718,BRIDGE
-10.820245,-37.717658,-10.820260,-37.717768,BRIDGE
-10.820188,-37.240225,-10.820078,-37.240398,BRIDGE
-10.818599,-38.066865,-10.818680,-38.066974,BRIDGE
-10.817561,-38.136132,-10.817436,-38.136178,BRIDGE
-10.815987,-37.440269,-10.815914,-37.440230,BRIDGE
-10.814078,-37.170351,-10.814272,-37.170321,BRIDGE
-10.814074,-37.139540,-10.813584,-37.139579,BRIDGE
-10.813580,-37.139696,-10.814107,-37.139654,BRIDGE
-10.811668,-37.394606,-10.811761,-37.394532,BRIDGE
-10.811622,-38.012426,-10.811533,-38.012431,BRIDGE
-10.811201,-37.168033,-10.811280,-37.167999,BRIDGE
-10.809136,-36.960643,-10.809516,-36.959950,BRIDGE
-10.808503,-37.436917,-10.808547,-37.436838,BRIDGE
-10.807890,-37.159378,-10.807891,-37.160314,BRIDGE
-10.807467,-37.419733,-10.807548,-37.419761,BRIDGE
-10.806821,-37.431066,-10.806830,-37.430988,BRIDGE
-10.805712,-37.428379,-10.805668,-37.428326,BRIDGE
-10.805462,-37.177996,-10.804974,-37.177844,BRIDGE
-10.805149,-37.658792,-10.804844,-37.658727,BRIDGE
-10.803754,-37.169465,-10.803766,-37.169263,BRIDGE
-10.803337,-37.165266,-10.803353,-37.165048,BRIDGE
-10.803319,-37.165501,-10.803337,-37.165266,BRIDGE
-10.803031,-37.193077,-10.802659,-37.193205,BRIDGE
-10.802702,-37.167184,-10.802193,-37.167252,BRIDGE
-10.800285,-37.271069,-10.799814,-37.271689,BRIDGE
-10.799086,-37.192701,-10.799044,-37.192957,BRIDGE
-10.797536,-37.379391,-10.797664,-37.379389,BRIDGE
-10.791581,-37.414612,-10.791854,-37.414706,BRIDGE
-10.791304,-37.384365,-10.791214,-37.384352,BRIDGE
-10.791077,-37.393326,-10.791014,-37.393330,BRIDGE
-10.790077,-37.955703,-10.790104,-37.955727,BRIDGE
-10.789713,-37.940644,-10.789617,-37.940508,BRIDGE
-10.789645,-37.924688,-10.789677,-37.924653,BRIDGE
-10.785688,-37.768473,-10.785779,-37.768653,BRIDGE
-10.783928,-37.396424,-10.784011,-37.396458,BRIDGE
-10.781498,-37.768840,-10.781074,-37.769138,BRIDGE
-10.779594,-37.388002,-10.779666,-37.388037,BRIDGE
-10.778682,-37.378081,-10.778857,-37.378090,BRIDGE
-10.777858,-37.915522,-10.777824,-37.915834,BRIDGE
-10.776887,-37.135358,-10.776046,-37.133013,BRIDGE
-10.775944,-37.133097,-10.776806,-37.135528,BRIDGE
-10.770074,-38.203231,-10.769996,-38.203203,BRIDGE
-10.769865,-37.373132,-10.769782,-37.373360,BRIDGE
-10.768184,-37.154762,-10.768942,-37.153959,BRIDGE
-10.765675,-37.212565,-10.765495,-37.212376,BRIDGE
-10.765427,-37.216231,-10.765024,-37.215961,BRIDGE
-10.764482,-37.782629,-10.764348,-37.782648,BRIDGE
-10.763265,-37.785542,-10.763306,-37.785564,BRIDGE
-10.762577,-37.788344,-10.762519,-37.788313,BRIDGE
-10.761605,-36.891993,-10.761609,-36.892298,BRIDGE
-10.760729,-37.525576,-10.760421,-37.525003,BRIDGE
-10.757945,-37.449748,-10.757991,-37.449816,BRIDGE
-10.754543,-37.342205,-10.754724,-37.342284,BRIDGE
-10.753578,-37.506192,-10.753622,-37.506262,BRIDGE
-10.752537,-37.512900,-10.752156,-37.512370,BRIDGE
-10.750563,-37.427939,-10.750589,-37.427848,BRIDGE
-10.749004,-37.781371,-10.749011,-37.781546,BRIDGE
-10.747992,-37.655780,-10.748019,-37.655713,BRIDGE
-10.745658,-37.117019,-10.746018,-37.117548,BRIDGE
-10.744898,-37.648380,-10.744811,-37.648336,BRIDGE
-10.743578,-36.861613,-10.741290,-36.861152,BRIDGE
-10.742719,-37.079270,-10.742992,-37.079217,BRIDGE
-10.741416,-37.398371,-10.741373,-37.398331,BRIDGE
-10.741370,-37.804270,-10.741478,-37.804274,BRIDGE
-10.741324,-37.805366,-10.741414,-37.805383,BRIDGE
-10.741201,-37.084008,-10.741403,-37.083907,BRIDGE
-10.740948,-37.806936,-10.740886,-37.806908,BRIDGE
-10.740844,-37.800200,-10.740765,-37.800280,BRIDGE
-10.740785,-37.800321,-10.740846,-37.800256,BRIDGE
-10.740210,-37.810556,-10.740153,-37.810580,BRIDGE
-10.739632,-37.083407,-10.740385,-37.084062,BRIDGE
-10.739160,-37.789323,-10.739156,-37.789255,BRIDGE
-10.738283,-37.084565,-10.738100,-37.084549,BRIDGE
-10.737704,-37.075580,-10.737664,-37.075391,BRIDGE
-10.736467,-37.821060,-10.736410,-37.820955,BRIDGE
-10.735803,-37.408370,-10.735648,-37.408490,BRIDGE
-10.735554,-37.084943,-10.735510,-37.084753,BRIDGE
-10.735361,-37.814195,-10.735277,-37.814234,BRIDGE
-10.734945,-37.813401,-10.734799,-37.813759,BRIDGE
-10.734150,-37.808800,-10.734039,-37.808782,BRIDGE
-10.733892,-37.805969,-10.733806,-37.805644,BRIDGE
-10.733674,-37.150530,-10.733627,-37.150691,BRIDGE
-10.733576,-37.086113,-10.733382,-37.085950,BRIDGE
-10.733227,-37.085969,-10.733594,-37.086291,BRIDGE
-10.732059,-37.186510,-10.732095,-37.186462,BRIDGE
-10.731704,-37.186224,-10.731669,-37.186268,BRIDGE
-10.731317,-37.186106,-10.731327,-37.186180,BRIDGE
-10.730168,-37.186117,-10.730185,-37.186066,BRIDGE
-10.729168,-37.192423,-10.729178,-37.192607,BRIDGE
-10.728836,-37.191862,-10.727897,-37.192292,BRIDGE
-10.728430,-37.085706,-10.728514,-37.085632,BRIDGE
-10.727937,-37.192376,-10.728883,-37.191959,BRIDGE
-10.727901,-37.087022,-10.727933,-37.086907,BRIDGE
-10.727893,-37.829368,-10.727895,-37.829477,BRIDGE
-10.726015,-37.229926,-10.726367,-37.229962,BRIDGE
-10.725883,-37.237298,-10.725670,-37.237265,BRIDGE
-10.723883,-37.207193,-10.724113,-37.206835,BRIDGE
-10.720777,-37.281894,-10.720848,-37.282079,BRIDGE
-10.720714,-37.457542,-10.720840,-37.457667,BRIDGE
-10.719671,-38.067355,-10.719675,-38.067216,BRIDGE
-10.719372,-37.833009,-10.719427,-37.833048,BRIDGE
-10.718974,-37.105404,-10.719055,-37.105324,BRIDGE
-10.718210,-37.065303,-10.718571,-37.065631,BRIDGE
-10.714572,-37.461713,-10.714462,-37.461560,BRIDGE
-10.713497,-38.101670,-10.713411,-38.101677,BRIDGE
-10.712534,-37.144230,-10.712217,-37.144069,BRIDGE
-10.712412,-37.191154,-10.712336,-37.191358,BRIDGE
-10.712264,-37.217357,-10.712127,-37.217384,BRIDGE
-10.712165,-37.215882,-10.712397,-37.215716,BRIDGE
-10.712020,-36.911189,-10.712003,-36.911052,BRIDGE
-10.711607,-37.447241,-10.711665,-37.447302,BRIDGE
-10.710793,-38.171998,-10.710818,-38.171786,BRIDGE
-10.706741,-37.451125,-10.706605,-37.450936,BRIDGE
-10.706113,-37.841488,-10.705964,-37.841651,BRIDGE
-10.705057,-37.236211,-10.705157,-37.235893,BRIDGE
-10.703404,-37.051518,-10.702894,-37.051041,BRIDGE
-10.703180,-37.115983,-10.703079,-37.115935,BRIDGE
-10.702829,-37.051133,-10.703349,-37.051631,BRIDGE
-10.700861,-37.479596,-10.700935,-37.479653,BRIDGE
-10.698925,-37.249320,-10.698972,-37.248958,BRIDGE
-10.697561,-37.011161,-10.697632,-37.011322,BRIDGE
-10.697505,-37.167749,-10.697537,-37.167687,BRIDGE
-10.696864,-37.035722,-10.696678,-37.036131,BRIDGE
-10.696619,-37.008798,-10.696711,-37.009017,BRIDGE
-10.696120,-37.006717,-10.696109,-37.006961,BRIDGE
-10.695924,-37.397210,-10.695979,-37.397101,BRIDGE
-10.695030,-37.033842,-10.695029,-37.033575,BRIDGE
-10.693796,-36.932803,-10.694209,-36.932494,BRIDGE
-10.693520,-37.028258,-10.693626,-37.028261,BRIDGE
-10.692120,-37.359861,-10.691920,-37.359626,BRIDGE
-10.690234,-37.135599,-10.690322,-37.135514,BRIDGE
-10.686830,-36.989448,-10.686886,-36.989367,BRIDGE
-10.686319,-37.148278,-10.686125,-37.148206,BRIDGE
-10.685393,-36.986846,-10.685449,-36.986796,BRIDGE
-10.684715,-37.035785,-10.684372,-37.035569,BRIDGE
-10.684695,-37.115516,-10.684428,-37.115553,BRIDGE
-10.684297,-37.035695,-10.684666,-37.035907,BRIDGE
-10.684158,-37.368846,-10.684086,-37.368795,BRIDGE
-10.682178,-36.988565,-10.682240,-36.988670,BRIDGE
-10.681661,-37.458730,-10.681731,-37.458731,BRIDGE
-10.680725,-37.584837,-10.680623,-37.584499,BRIDGE
-10.680143,-37.383960,-10.680144,-37.384057,BRIDGE
-10.678376,-37.193613,-10.677879,-37.193570,BRIDGE
-10.677383,-37.358080,-10.677367,-37.357882,BRIDGE
-10.676776,-37.462313,-10.676774,-37.462226,BRIDGE
-10.674104,-37.195625,-10.673972,-37.195692,BRIDGE
-10.673135,-37.410085,-10.673196,-37.410103,BRIDGE
-10.672443,-37.028824,-10.672753,-37.028919,BRIDGE
-10.670339,-37.403816,-10.670291,-37.403763,BRIDGE
-10.670071,-37.195166,-10.670201,-37.195154,BRIDGE
-10.664509,-36.988071,-10.664430,-36.987928,BRIDGE
-10.664170,-37.190238,-10.664013,-37.190593,BRIDGE
-10.661968,-37.763848,-10.661938,-37.763916,BRIDGE
-10.657757,-36.981412,-10.657912,-36.981388,BRIDGE
-10.657218,-37.345190,-10.657335,-37.345165,BRIDGE
-10.655533,-36.981798,-10.655734,-36.981758,BRIDGE
-10.654200,-36.946278,-10.654150,-36.946327,BRIDGE
-10.652796,-36.789098,-10.652789,-36.789012,BRIDGE
-10.652529,-36.975676,-10.652637,-36.975576,BRIDGE
-10.652078,-36.962014,-10.652320,-36.962140,BRIDGE
-10.650498,-36.981409,-10.650380,-36.981376,BRIDGE
-10.649934,-36.960968,-10.650093,-36.960989,BRIDGE
-10.649298,-37.197398,-10.649389,-37.197228,BRIDGE
-10.648345,-36.826297,-10.648229,-36.826365,BRIDGE
-10.647188,-37.114591,-10.647382,-37.114782,BRIDGE
-10.644789,-36.963445,-10.644714,-36.963692,BRIDGE
-10.644568,-37.100212,-10.644292,-37.100258,BRIDGE
-10.641792,-36.960991,-10.642026,-36.961173,BRIDGE
-10.639685,-37.012030,-10.639803,-37.012381,BRIDGE
-10.638207,-37.092878,-10.638397,-37.092909,BRIDGE
-10.637951,-37.088761,-10.638115,-37.088629,BRIDGE
-10.637427,-37.366862,-10.637221,-37.366412,BRIDGE
-10.636425,-37.572781,-10.636254,-37.572853,BRIDGE
-10.633217,-37.020785,-10.633010,-37.020862,BRIDGE
-10.632356,-37.085715,-10.632347,-37.085472,BRIDGE
-10.629552,-37.379051,-10.629610,-37.378992,BRIDGE
-10.629517,-37.387088,-10.629585,-37.387134,BRIDGE
-10.629304,-37.081705,-10.628919,-37.082115,BRIDGE
-10.626596,-37.409576,-10.626531,-37.409510,BRIDGE
-10.622967,-37.079780,-10.622813,-37.079968,BRIDGE
-10.622819,-37.427306,-10.622749,-37.427271,BRIDGE
-10.621970,-37.395227,-10.622016,-37.395288,BRIDGE
-10.621787,-36.973860,-10.621878,-36.973625,BRIDGE
-10.621478,-37.750330,-10.620779,-37.749918,BRIDGE
-10.621310,-37.400273,-10.621385,-37.400236,BRIDGE
-10.619004,-37.306376,-10.619106,-37.306418,BRIDGE
-10.618094,-37.437837,-10.618168,-37.437878,BRIDGE
-10.617002,-37.308898,-10.616889,-37.308728,BRIDGE
-10.616638,-37.387444,-10.616603,-37.387392,BRIDGE
-10.614610,-36.979327,-10.614418,-36.979215,BRIDGE
-10.614368,-36.979326,-10.614563,-36.979441,BRIDGE
-10.613481,-36.976789,-10.613611,-36.976777,BRIDGE
-10.613098,-37.289703,-10.613208,-37.289869,BRIDGE
-10.612982,-37.530678,-10.613015,-37.530754,BRIDGE
-10.612203,-36.929333,-10.612618,-36.929075,BRIDGE
-10.609952,-37.098858,-10.609949,-37.098731,BRIDGE
-10.602705,-36.696188,-10.602481,-36.696305,BRIDGE
-10.600659,-37.110819,-10.600518,-37.110740,BRIDGE
-10.599991,-37.065662,-10.600064,-37.065421,BRIDGE
-10.598869,-37.570241,-10.598867,-37.570138,BRIDGE
-10.596102,-37.387536,-10.596121,-37.387577,BRIDGE
-10.594817,-37.249242,-10.594636,-37.249227,BRIDGE
-10.593841,-37.287519,-10.593767,-37.287638,BRIDGE
-10.593767,-37.287638,-10.593694,-37.287757,BRIDGE
-10.593220,-37.249176,-10.593062,-37.249183,BRIDGE
-10.589723,-37.071153,-10.589671,-37.071123,BRIDGE
-10.588879,-36.960333,-10.589643,-36.959629,BRIDGE
-10.583821,-37.183027,-10.583866,-37.183024,BRIDGE
-10.577880,-36.964928,-10.577692,-36.964906,BRIDGE
-10.577671,-36.965081,-10.577890,-36.965100,BRIDGE
-10.577088,-37.273516,-10.576986,-37.273329,BRIDGE
-10.572809,-37.254765,-10.572742,-37.254685,BRIDGE
-10.571840,-37.305250,-10.571826,-37.305079,BRIDGE
-10.569390,-36.808941,-10.569537,-36.808668,BRIDGE
-10.568141,-37.400164,-10.568190,-37.400081,BRIDGE
-10.564269,-37.513778,-10.564168,-37.513920,BRIDGE
-10.556627,-37.242680,-10.556561,-37.242552,BRIDGE
-10.546773,-36.970352,-10.545893,-36.969741,BRIDGE
-10.546499,-37.317307,-10.546482,-37.317160,BRIDGE
-10.545803,-36.969833,-10.546657,-36.970445,BRIDGE
-10.544846,-37.015807,-10.544833,-37.015608,BRIDGE
-10.544670,-37.604002,-10.544777,-37.604326,BRIDGE
-10.544055,-37.560698,-10.544028,-37.560824,BRIDGE
-10.543546,-37.112642,-10.543643,-37.112420,BRIDGE
-10.542662,-37.642085,-10.542342,-37.642233,BRIDGE
-10.542437,-37.559523,-10.542393,-37.559802,BRIDGE
-10.541294,-36.966554,-10.540447,-36.965912,BRIDGE
-10.540453,-37.291514,-10.540399,-37.291648,BRIDGE
-10.540352,-36.966073,-10.541227,-36.966712,BRIDGE
-10.530089,-37.105870,-10.530036,-37.106038,BRIDGE
-10.527032,-36.981016,-10.526819,-36.980790,BRIDGE
-10.522944,-37.246053,-10.523130,-37.246835,BRIDGE
-10.516474,-37.406917,-10.516390,-37.406873,BRIDGE
-10.514378,-37.167531,-10.514238,-37.167612,BRIDGE
-10.512220,-37.412704,-10.512245,-37.412625,BRIDGE
-10.509648,-37.758097,-10.509690,-37.758176,BRIDGE
-10.507265,-37.406410,-10.507207,-37.406326,BRIDGE
-10.506975,-37.059205,-10.506962,-37.059144,BRIDGE
-10.504741,-37.128942,-10.504645,-37.129058,BRIDGE
-10.503673,-37.063280,-10.503786,-37.063422,BRIDGE
-10.501620,-37.771698,-10.501646,-37.771605,BRIDGE
-10.501397,-36.990656,-10.501453,-36.989940,BRIDGE
-10.500953,-37.453828,-10.501033,-37.453808,BRIDGE
-10.499136,-37.454036,-10.499065,-37.454160,BRIDGE
-10.497450,-37.454929,-10.497370,-37.454943,BRIDGE
-10.496830,-36.600206,-10.496896,-36.599971,BRIDGE
-10.496415,-37.171840,-10.496394,-37.171815,BRIDGE
-10.494805,-37.421082,-10.494761,-37.421085,BRIDGE
-10.494606,-37.444589,-10.494549,-37.444615,BRIDGE
-10.493982,-37.424521,-10.494056,-37.424514,BRIDGE
-10.493645,-37.399646,-10.493709,-37.399625,BRIDGE
-10.493090,-36.910143,-10.493031,-36.910049,BRIDGE
-10.492559,-37.185931,-10.492533,-37.185904,BRIDGE
-10.491357,-37.185695,-10.491292,-37.185670,BRIDGE
-10.489107,-37.465664,-10.488911,-37.465772,BRIDGE
-10.487296,-37.009917,-10.487483,-37.009838,BRIDGE
-10.480778,-36.868545,-10.480780,-36.868733,BRIDGE
-10.474611,-37.049245,-10.474531,-37.049388,BRIDGE
-10.473830,-36.474148,-10.473782,-36.474198,BRIDGE
-10.470590,-36.628075,-10.470773,-36.627725,BRIDGE
-10.470312,-37.026552,-10.470548,-37.026439,BRIDGE
-10.465495,-36.637564,-10.465592,-36.637391,BRIDGE
-10.463947,-36.488045,-10.463783,-36.488056,BRIDGE
-10.459756,-37.370062,-10.459906,-37.370060,BRIDGE
-10.448908,-36.938056,-10.448711,-36.937970,BRIDGE
-10.448636,-36.938062,-10.448835,-36.938145,BRIDGE
-10.444889,-37.053731,-10.444683,-37.053562,BRIDGE
-10.442634,-36.953914,-10.442875,-36.953803,BRIDGE
-10.441577,-37.085088,-10.441318,-37.084815,BRIDGE
-10.438557,-37.755195,-10.438527,-37.755038,BRIDGE
-10.436558,-36.533433,-10.436549,-36.533252,BRIDGE
-10.435516,-36.933400,-10.435230,-36.933328,BRIDGE
-10.435158,-36.933416,-10.435492,-36.933507,BRIDGE
-10.433206,-37.348602,-10.433200,-37.348388,BRIDGE
-10.428951,-37.246997,-10.428874,-37.246969,BRIDGE
-10.428632,-37.806089,-10.428634,-37.806016,BRIDGE
-10.428589,-37.587956,-10.428624,-37.587878,BRIDGE
-10.427610,-37.465708,-10.427532,-37.465708,BRIDGE
-10.420744,-37.803184,-10.420743,-37.803104,BRIDGE
-10.420482,-36.971077,-10.420590,-36.971160,BRIDGE
-10.420348,-36.562807,-10.420545,-36.562644,BRIDGE
-10.409501,-37.509550,-10.409565,-37.509552,BRIDGE
-10.406609,-37.587097,-10.406405,-37.587015,BRIDGE
-10.403950,-37.446414,-10.404011,-37.446351,BRIDGE
-10.403108,-36.631563,-10.403166,-36.631588,BRIDGE
-10.402702,-37.454092,-10.402454,-37.454076,BRIDGE
-10.391676,-36.575962,-10.391912,-36.575875,BRIDGE
-10.391281,-37.417989,-10.391256,-37.417674,BRIDGE
-10.385483,-36.952509,-10.385590,-36.952147,BRIDGE
-10.384951,-37.504818,-10.384980,-37.504753,BRIDGE
-10.380354,-37.452071,-10.380501,-37.452089,BRIDGE
-10.376485,-37.438937,-10.376035,-37.438968,BRIDGE
-10.375927,-37.350447,-10.375930,-37.350088,BRIDGE
-10.369250,-37.102541,-10.369370,-37.102469,BRIDGE
-10.368292,-37.385581,-10.368332,-37.385638,BRIDGE
-10.367885,-36.807444,-10.367807,-36.807351,BRIDGE
-10.365437,-37.170289,-10.365511,-37.170256,BRIDGE
-10.364776,-37.183885,-10.364714,-37.183917,BRIDGE
-10.364223,-37.697303,-10.364193,-37.697380,BRIDGE
-10.364155,-37.541370,-10.364168,-37.541278,BRIDGE
-10.353082,-37.364679,-10.353008,-37.364526,BRIDGE
-10.352996,-36.893159,-10.352987,-36.893017,BRIDGE
-10.352707,-37.551284,-10.352770,-37.551333,BRIDGE
-10.350177,-37.527099,-10.350117,-37.527182,BRIDGE
-10.349306,-37.493159,-10.349353,-37.493087,BRIDGE
-10.347450,-37.153834,-10.347231,-37.153792,BRIDGE
-10.346953,-37.194874,-10.346842,-37.195031,BRIDGE
-10.346677,-37.499938,-10.346741,-37.499783,BRIDGE
-10.343265,-36.787001,-10.343233,-36.786814,BRIDGE
-10.342486,-37.182451,-10.342409,-37.182467,BRIDGE
-10.336755,-37.360782,-10.336834,-37.360666,BRIDGE
-10.334582,-37.496197,-10.334639,-37.496160,BRIDGE
-10.332069,-37.018619,-10.331895,-37.018577,BRIDGE
-10.331611,-36.905452,-10.331637,-36.905403,BRIDGE
-10.328720,-36.807573,-10.329022,-36.807276,BRIDGE
-10.328641,-37.557578,-10.328718,-37.557566,BRIDGE
-10.328194,-37.034708,-10.328362,-37.034642,BRIDGE
-10.323101,-37.000208,-10.323284,-37.000000,BRIDGE
-10.318335,-36.744760,-10.318152,-36.744671,BRIDGE
-10.316159,-37.379183,-10.316049,-37.379289,BRIDGE
-10.312648,-37.473154,-10.312508,-37.473052,BRIDGE
-10.311064,-37.454743,-10.310958,-37.454815,BRIDGE
-10.308414,-36.778018,-10.308314,-36.777893,BRIDGE
-10.307821,-37.181681,-10.307788,-37.181604,BRIDGE
-10.301725,-36.592597,-10.301613,-36.592778,BRIDGE
-10.301562,-37.355181,-10.301560,-37.355058,BRIDGE
-10.294837,-37.498369,-10.294998,-37.498471,BRIDGE
-10.294303,-37.349201,-10.294248,-37.349189,BRIDGE
-10.292846,-37.389669,-10.292933,-37.389546,BRIDGE
-10.292317,-37.403469,-10.291942,-37.403386,BRIDGE
-10.292317,-37.403469,-10.292704,-37.403560,BRIDGE
-10.289073,-37.515338,-10.289057,-37.515233,BRIDGE
-10.288614,-37.448468,-10.288519,-37.448428,BRIDGE
-10.288499,-37.395624,-10.288443,-37.395864,BRIDGE
-10.287792,-37.001509,-10.287811,-37.001409,BRIDGE
-10.283671,-37.488285,-10.283768,-37.488148,BRIDGE
-10.281852,-36.794356,-10.281752,-36.794640,BRIDGE
-10.280879,-37.392842,-10.280982,-37.392717,BRIDGE
-10.280046,-37.531907,-10.280023,-37.531802,BRIDGE
-10.278613,-37.022450,-10.278491,-37.022578,BRIDGE
-10.276865,-36.872778,-10.276510,-36.872568,BRIDGE
-10.276461,-36.872679,-10.277081,-36.873044,BRIDGE
-10.275384,-36.913139,-10.275264,-36.912936,BRIDGE
-10.272241,-37.473337,-10.272242,-37.473289,BRIDGE
-10.262021,-36.755244,-10.261624,-36.755406,BRIDGE
-10.260934,-37.353007,-10.260978,-37.352919,BRIDGE
-10.258948,-37.022843,-10.258829,-37.022937,BRIDGE
-10.258736,-36.911803,-10.258623,-36.911712,BRIDGE
-10.256106,-36.784897,-10.256199,-36.784911,BRIDGE
-10.254243,-36.754519,-10.254154,-36.754511,BRIDGE
-10.253388,-36.762942,-10.253449,-36.762928,BRIDGE
-10.252518,-36.747926,-10.252624,-36.747727,BRIDGE
-10.247346,-36.900468,-10.247438,-36.900307,BRIDGE
-10.246738,-36.889411,-10.246919,-36.889212,BRIDGE
-10.246253,-37.371786,-10.246279,-37.371700,BRIDGE
-10.246164,-37.334772,-10.246075,-37.334979,BRIDGE
-10.242052,-37.346456,-10.241979,-37.346720,BRIDGE
-10.240130,-37.045841,-10.240212,-37.045690,BRIDGE
-10.239694,-37.367082,-10.239554,-37.366913,BRIDGE
-10.238511,-36.875473,-10.238470,-36.875504,BRIDGE
-10.236321,-36.880122,-10.236361,-36.880151,BRIDGE
-10.233587,-37.361315,-10.233449,-37.361590,BRIDGE
-10.230717,-36.844273,-10.230701,-36.843689,BRIDGE
-10.230582,-36.843682,-10.230598,-36.844243,BRIDGE
-10.230316,-36.840923,-10.230702,-36.840963,BRIDGE
-10.229399,-36.841206,-10.229574,-36.841231,BRIDGE
-10.225684,-36.877127,-10.225646,-36.877055,BRIDGE
-10.225623,-36.849941,-10.225526,-36.850107,BRIDGE
-10.225134,-37.212677,-10.225068,-37.212683,BRIDGE
-10.220733,-36.879550,-10.220733,-36.879496,BRIDGE
-10.220456,-37.416456,-10.220712,-37.416714,BRIDGE
-10.216657,-36.823523,-10.216532,-36.823814,TUNNEL
-10.216125,-37.273569,-10.215926,-37.273454,BRIDGE
-10.214135,-36.822222,-10.213794,-36.822108,BRIDGE
-10.213794,-36.822108,-10.212981,-36.821819,BRIDGE
-10.213761,-36.822227,-10.214102,-36.822342,BRIDGE
-10.212922,-36.821943,-10.213761,-36.822227,BRIDGE
-10.212209,-37.666502,-10.212001,-37.665838,BRIDGE
-10.211734,-36.885592,-10.211974,-36.885686,BRIDGE
-10.211402,-36.838305,-10.211504,-36.838296,BRIDGE
-10.209077,-36.882269,-10.209057,-36.882370,BRIDGE
-10.207160,-36.819941,-10.214042,-36.822495,BRIDGE
-10.206471,-36.841713,-10.206893,-36.841555,BRIDGE
-10.205615,-36.882492,-10.205772,-36.882549,BRIDGE
-10.204384,-37.687730,-10.204778,-37.687768,BRIDGE
-10.204010,-37.142733,-10.203944,-37.142682,BRIDGE
-10.198172,-37.748811,-10.198251,-37.748830,BRIDGE
-10.190666,-37.710339,-10.190582,-37.710315,BRIDGE
-10.187181,-37.265026,-10.187142,-37.264979,BRIDGE
-10.186327,-37.101844,-10.186331,-37.101791,BRIDGE
-10.180112,-36.959160,-10.180030,-36.959033,BRIDGE
-10.178019,-37.439391,-10.178098,-37.439408,BRIDGE
-10.172765,-37.043134,-10.172697,-37.043046,BRIDGE
-10.172071,-36.978103,-10.171838,-36.978283,BRIDGE
-10.170237,-37.358125,-10.170211,-37.358062,BRIDGE
-10.165433,-36.984566,-10.165383,-36.984393,BRIDGE
-10.152232,-36.990471,-10.152375,-36.990511,BRIDGE
-10.149095,-36.959336,-10.149270,-36.958956,BRIDGE
-10.149000,-37.461495,-10.149006,-37.461434,BRIDGE
-10.143418,-36.999831,-10.143386,-36.999675,BRIDGE
-10.137317,-37.532003,-10.137166,-37.532214,BRIDGE
-10.135376,-37.462213,-10.135385,-37.462118,BRIDGE
-10.131154,-37.474595,-10.131242,-37.474525,BRIDGE
-10.124415,-37.590595,-10.124407,-37.590410,BRIDGE
-10.123113,-36.931784,-10.123504,-36.932064,BRIDGE
-10.120233,-37.101955,-10.120018,-37.102001,BRIDGE
-10.118263,-37.601498,-10.118598,-37.601366,BRIDGE
-10.112848,-37.550921,-10.112670,-37.551021,BRIDGE
-10.112735,-37.316044,-10.112692,-37.315962,BRIDGE
-10.112670,-37.551021,-10.112165,-37.551318,BRIDGE
-10.112500,-37.311515,-10.112537,-37.311396,BRIDGE
-10.106860,-37.241777,-10.106968,-37.241831,BRIDGE
-10.105170,-37.448639,-10.104717,-37.448608,BRIDGE
-10.095111,-37.345696,-10.094750,-37.345596,BRIDGE
-10.089159,-37.548853,-10.088778,-37.548877,BRIDGE
-10.085094,-37.642408,-10.084950,-37.642324,BRIDGE
-10.084691,-37.611801,-10.084552,-37.611781,BRIDGE
-10.084567,-37.632727,-10.084389,-37.632524,BRIDGE
-10.083190,-36.973879,-10.083194,-36.973977,BRIDGE
-10.080787,-36.981135,-10.080615,-36.981259,BRIDGE
-10.080078,-37.324998,-10.080139,-37.324770,BRIDGE
-10.076952,-37.211644,-10.077080,-37.211466,BRIDGE
-10.072591,-37.760780,-10.072482,-37.760833,BRIDGE
-10.067450,-37.499465,-10.067596,-37.499793,BRIDGE
-10.062245,-37.666578,-10.062205,-37.666521,BRIDGE
-10.060247,-37.598947,-10.060305,-37.598867,BRIDGE
-10.045724,-37.316921,-10.045717,-37.317131,BRIDGE
-10.037375,-37.520494,-10.037411,-37.520411,BRIDGE
-10.036442,-37.522538,-10.036556,-37.522259,BRIDGE
-10.034784,-37.525046,-10.034926,-37.525129,BRIDGE
-10.032789,-37.790929,-10.032782,-37.790990,BRIDGE
-10.031989,-37.585025,-10.032090,-37.585111,BRIDGE
-10.031584,-37.581646,-10.031622,-37.581699,BRIDGE
-10.031445,-37.583534,-10.031415,-37.583622,BRIDGE
-10.026466,-37.504937,-10.026567,-37.504932,BRIDGE
-10.025584,-37.755241,-10.025554,-37.755243,BRIDGE
-10.025300,-37.198481,-10.025291,-37.198554,BRIDGE
-10.023737,-36.958824,-10.023915,-36.958813,BRIDGE
-10.022704,-37.736530,-10.022638,-37.736559,BRIDGE
-10.019836,-37.118105,-10.019632,-37.118018,BRIDGE
-10.014501,-37.138193,-10.014388,-37.138231,BRIDGE
-9.983194,-37.251411,-9.983026,-37.251420,BRIDGE
-9.978421,-37.108185,-9.978470,-37.108285,BRIDGE
-9.972865,-37.256587,-9.972862,-37.256657,BRIDGE
-9.964805,-37.084673,-9.964522,-37.085096,BRIDGE
-9.927213,-37.278102,-9.927311,-37.278232,BRIDGE
-9.926039,-37.257250,-9.925999,-37.257360,BRIDGE
-9.913642,-37.291414,-9.913736,-37.291935,BRIDGE
-9.913215,-37.271281,-9.913299,-37.271411,BRIDGE
-9.912013,-37.399811,-9.911717,-37.399612,BRIDGE
-9.905391,-37.387753,-9.905422,-37.388284,BRIDGE
-9.870834,-37.416859,-9.870607,-37.416869,BRIDGE
-9.830433,-37.517082,-9.830490,-37.517123,BRIDGE
-9.811236,-37.597807,-9.811152,-37.597561,BRIDGE
-9.808015,-37.685694,-9.807863,-37.685606,BRIDGE
-9.803414,-37.687233,-9.802963,-37.687477,BRIDGE
-9.803374,-37.681437,-9.803454,-37.681469,BRIDGE
-9.802806,-37.682297,-9.802888,-37.682336,BRIDGE
-9.802053,-37.683966,-9.802128,-37.683984,BRIDGE
-9.780707,-37.879003,-9.780696,-37.879125,BRIDGE
-9.764091,-37.708316,-9.763996,-37.708361,BRIDGE
-9.750071,-37.717484,-9.750125,-37.717453,BRIDGE
-9.749143,-37.733978,-9.749100,-37.734052,BRIDGE
-9.722318,-37.729017,-9.722264,-37.729051,BRIDGE
-9.711452,-37.774143,-9.711471,-37.774043,BRIDGE
-9.709535,-37.760060,-9.709560,-37.759972,BRIDGE
-9.702997,-37.751887,-9.703057,-37.751855,BRIDGE
-9.699428,-37.881637,-9.699338,-37.881289,BRIDGE
-9.696794,-37.745707,-9.696732,-37.745794,BRIDGE
-9.693889,-37.903989,-9.693875,-37.903768,BRIDGE
-9.692757,-37.749150,-9.692711,-37.749190,BRIDGE
-9.690143,-37.792097,-9.690268,-37.792102,BRIDGE
-9.690110,-37.757793,-9.690019,-37.757837,BRIDGE
-9.682822,-37.802233,-9.682852,-37.802192,BRIDGE
-9.680985,-37.801126,-9.680995,-37.801060,BRIDGE
-9.676095,-37.800533,-9.676042,-37.800605,BRIDGE
-9.675240,-37.808382,-9.675243,-37.808613,BRIDGE
-9.673131,-37.803207,-9.673045,-37.803327,BRIDGE
-9.671004,-37.793554,-9.670701,-37.793555,BRIDGE
-9.668702,-37.791193,-9.668672,-37.791269,BRIDGE
-9.667287,-37.781651,-9.667277,-37.781733,BRIDGE
-9.665271,-37.795855,-9.665271,-37.795895,BRIDGE
-9.658665,-37.791001,-9.658686,-37.790983,BRIDGE
-9.653253,-37.922179,-9.653491,-37.922200,BRIDGE
-9.644264,-37.918586,-9.644348,-37.918554,BRIDGE
-9.642767,-37.920692,-9.642719,-37.920555,BRIDGE
-9.642442,-37.779360,-9.642379,-37.779066,BRIDGE
-9.640784,-37.945507,-9.641067,-37.945771,BRIDGE
-9.640704,-37.915049,-9.640319,-37.915444,BRIDGE
-9.640321,-37.788226,-9.640040,-37.788323,BRIDGE
-9.638676,-37.914268,-9.638680,-37.914345,BRIDGE
-9.637287,-37.772636,-9.633917,-37.773936,BRIDGE
-9.628379,-37.798305,-9.628488,-37.798237,BRIDGE
