lat,lng,kind,limit_kmh,source,active,end_lat,end_lng
-10.095507,-36.701703,FIXED,,DNIT,1,,
-10.095305,-36.701713,FIXED,50,OSM,1,,
-10.078787,-36.695888,FIXED,50,OSM,1,,
-10.078784,-36.696058,FIXED,,DNIT,1,,
-10.064186,-36.689744,FIXED,50,OSM,1,,
-10.063902,-36.689907,FIXED,,DNIT,1,,
-10.063795,-36.689801,FIXED,50,OSM,1,,
-9.982791,-36.560825,FIXED,80,OSM,1,,
-9.974669,-36.557849,FIXED,,DNIT,1,,
-9.904153,-36.222693,FIXED,,DNIT,1,,
-9.903050,-36.358240,FIXED,,DNIT,1,,
-9.808182,-36.116132,FIXED,50,OSM,0,,
-9.663605,-35.695686,FIXED,50,OSM,1,,
-9.663346,-35.695752,FIXED,50,OSM,1,,
-9.605647,-35.722382,FIXED,60,OSM,1,,
-9.604546,-35.722615,FIXED,60,OSM,1,,
-9.590746,-36.456993,FIXED,,DNIT,1,,
-9.590511,-35.949940,FIXED,,DNIT,1,,
-9.588802,-35.865906,FIXED,,DNIT,1,,
-9.588725,-35.955606,FIXED,,DNIT,1,,
-9.586835,-35.873217,FIXED,,DNIT,1,,
-9.585550,-36.320415,FIXED,,DNIT,1,,
-9.584149,-36.496424,FIXED,50,OSM,1,,
-9.584023,-36.496767,FIXED,,DNIT,1,,
-9.583955,-36.497119,FIXED,50,OSM,1,,
-9.581679,-35.959923,FIXED,,DNIT,1,,
-9.577603,-36.304628,FIXED,,DNIT,1,,
-9.576971,-35.769970,FIXED,60,OSM,1,,
-9.572593,-35.827515,FIXED,50,OSM,1,,
-9.572335,-35.827129,FIXED,,DNIT,1,,
-9.572290,-35.827121,FIXED,50,OSM,1,,
-9.571771,-35.821477,FIXED,50,OSM,1,,
-9.571745,-35.822106,FIXED,50,OSM,1,,
-9.571728,-35.821790,FIXED,,DNIT,1,,
-9.571619,-35.825136,FIXED,,DNIT,1,,
-9.570160,-35.803436,FIXED,,DNIT,1,,
-9.565250,-35.784877,FIXED,,DNIT,1,,
-9.561337,-35.779495,FIXED,60,OSM,1,,
-9.561001,-35.779613,FIXED,,DNIT,1,,
-9.560725,-35.780157,FIXED,,DNIT,1,,
-9.560680,-35.780075,FIXED,,DNIT,1,,
-9.559793,-35.764863,FIXED,60,OSM,1,,
-9.559383,-35.764163,FIXED,60,OSM,1,,
-9.557689,-35.781323,FIXED,60,OSM,1,,
-9.557556,-35.781622,FIXED,60,OSM,1,,
-9.557469,-35.781815,FIXED,,DNIT,1,,
-9.545458,-35.982565,FIXED,,DNIT,1,,
-9.544684,-35.788701,FIXED,,DNIT,1,,
-9.544602,-35.789018,FIXED,50,OSM,1,,
-9.544554,-35.788804,FIXED,60,OSM,1,,
-9.540599,-35.791080,FIXED,,DNIT,1,,
-9.540594,-35.791098,FIXED,60,OSM,1,,
-9.540343,-35.791470,FIXED,60,OSM,1,,
-9.532539,-35.795770,FIXED,60,OSM,1,,
-9.532435,-35.795841,FIXED,,DNIT,1,,
-9.532301,-35.796097,FIXED,60,OSM,1,,
-9.518569,-35.802926,FIXED,50,OSM,1,,
-9.518523,-35.802868,FIXED,,DNIT,1,,
-9.518230,-35.803384,FIXED,,DNIT,1,,
-9.515229,-36.001553,FIXED,50,OSM,1,,
-9.515019,-36.001680,FIXED,,DNIT,1,,
-9.514632,-36.001937,FIXED,50,OSM,1,,
-9.511858,-36.003715,FIXED,50,OSM,1,,
-9.511515,-36.003876,FIXED,,DNIT,1,,
-9.511078,-36.004202,FIXED,50,OSM,1,,
-9.509324,-36.006498,FIXED,,DNIT,1,,
-9.509115,-35.807797,FIXED,,DNIT,1,,
-9.507930,-36.018830,FIXED,,DNIT,1,,
-9.504031,-36.046872,FIXED,,DNIT,1,,
-9.503245,-36.050228,FIXED,60,OSM,1,,
-9.497467,-35.812570,FIXED,,DNIT,1,,
-9.488323,-35.816090,FIXED,,DNIT,1,,
-9.480946,-36.574233,FIXED,,DNIT,1,,
-9.474353,-35.822055,FIXED,,DNIT,1,,
-9.466008,-35.825153,FIXED,,DNIT,1,,
-9.431600,-36.614746,FIXED,,DNIT,1,,
-9.421091,-36.623397,FIXED,,DNIT,1,,
-9.406652,-36.689202,FIXED,,DNIT,1,,
-9.404473,-36.989922,FIXED,,DNIT,1,,
-9.400028,-36.924599,FIXED,,DNIT,1,,
-9.396002,-35.838860,FIXED,,DNIT,1,,
-9.389732,-36.809320,FIXED,,DNIT,1,,
-9.389460,-37.089685,FIXED,,DNIT,1,,
-9.373114,-37.235761,FIXED,,DNIT,1,,
-9.369920,-37.242477,FIXED,,DNIT,1,,
-9.368432,-37.246836,FIXED,,DNIT,1,,
-9.340715,-37.284341,FIXED,,DNIT,1,,
-9.330181,-37.983400,FIXED,,DNIT,1,,
-9.330016,-37.983066,FIXED,,OSM,1,,
-9.316140,-35.930733,FIXED,,DNIT,0,,
-9.307779,-35.939058,FIXED,,DNIT,0,,
-9.271823,-37.391544,FIXED,,DNIT,1,,
-9.266373,-37.736411,FIXED,,OSM,1,,
-9.266217,-37.736011,FIXED,,DNIT,1,,
-9.266017,-37.735372,FIXED,,OSM,1,,
-9.244096,-35.757673,FIXED,,DNIT,1,,
-9.241406,-36.012441,FIXED,,DNIT,1,,
-9.202868,-37.543422,FIXED,,OSM,1,,
-9.202710,-37.542925,FIXED,,OSM,1,,
-9.184695,-37.487530,FIXED,,OSM,1,,
-9.166638,-36.021223,FIXED,,DNIT,1,,
-9.162107,-36.017252,FIXED,,DNIT,1,,
-9.151152,-36.013171,FIXED,,DNIT,1,,
-9.143822,-37.362704,FIXED,,OSM,1,,
-9.143613,-37.362074,FIXED,,OSM,1,,
-9.028279,-36.038598,FIXED,,DNIT,0,,
-8.965852,-36.017755,FIXED,,DNIT,0,,
-8.961093,-36.021301,FIXED,,DNIT,0,,
